/*!40101 SET @OLD_CHARACTER_SET_CLIENT=@@CHARACTER_SET_CLIENT */;
/*!40101 SET @OLD_CHARACTER_SET_RESULTS=@@CHARACTER_SET_RESULTS */;
/*!40101 SET @OLD_COLLATION_CONNECTION=@@COLLATION_CONNECTION */;
/*!40101 SET NAMES utf8mb4 */;

--
-- Base de données :  `twitter`
--

-- --------------------------------------------------------

--
-- Structure de la table `user`
--

DROP TABLE IF EXISTS `user` cascade;
CREATE TABLE IF NOT EXISTS `user` (
  `id` bigint(20) NOT NULL auto_increment,
  `username` varchar(255) DEFAULT NULL,
  PRIMARY KEY (`id`)
);

--
-- Déchargement des données de la table `user`
--

INSERT INTO `user` (`id`, `username`) VALUES
(1, 'neji'),
(2, 'adrien'),
(3, 'bastien'),
(4, 'Bergamotte'),
(5, 'Fabinou'),
(6, 'lalalalalalaala'),
(7, 'Denis'),
(8, 'mmmmmmmmmmmm'),
(9, 'test'),
(10, 'pluie'),
(11, 'Madame Destiny'),
(12, 'Douze'),
(13, 'Treiezzezez'),
(14, 'Steph'),
(15, 'Chahahaq'),
(16, 'Trump'),
(17, 'swann tircky'),
(18, 'miasme'),
(19, 'la corruption'),
(20, 'isaac''s heart'),
(21, 'apaco');

--
-- --------------------------------------------------------

--
-- Structure de la table `follow`
--

DROP TABLE IF EXISTS `follow` cascade;
CREATE TABLE IF NOT EXISTS `follow` (
  `date_follow` datetime DEFAULT NULL,
  `following_id` bigint(20) NOT NULL,
  `followed_id` bigint(20) NOT NULL,
  PRIMARY KEY (`followed_id`,`following_id`),
  FOREIGN KEY (`following_id`) REFERENCES User(`id`),
  FOREIGN KEY (`followed_id`) REFERENCES User(`id`)
);

--
-- Déchargement des données de la table `follow`
--

INSERT INTO `follow` (`date_follow`, `following_id`, `followed_id`) VALUES
('2020-07-02 23:24:03', 1, 1),
('2020-07-02 23:23:06', 1, 8),
('2020-07-02 23:23:53', 1, 9);

-- --------------------------------------------------------

--
-- Structure de la table `post`
--

DROP TABLE IF EXISTS `post` cascade;
CREATE TABLE IF NOT EXISTS `post` (
  `id` bigint(20) NOT NULL auto_increment,
  `message` varchar(255) DEFAULT NULL,
  `origin` int(11) NOT NULL,
  `timestamp` datetime DEFAULT NULL,
  `user_id` bigint(20) DEFAULT NULL,
  PRIMARY KEY (`id`),
  FOREIGN KEY (`user_id`) REFERENCES User(`id`)
);

--
-- Déchargement des données de la table `post`
--

INSERT INTO `post` (`id`, `message`, `origin`, `timestamp`, `user_id`) VALUES
(1, 'neji', 0, '2020-07-05 16:40:05', 1),
(2, 'test', 0, '2020-07-05 16:41:14', 1),
(3, 'test', 0, '2020-07-05 16:42:17', 2),
(4, 'J''ADORE LES FRUITS AU SIROP', 0, '2020-07-05 16:49:22', 3),
(5, 'true', 3, '2020-07-05 17:02:13', 4),
(6, 'true', 4, '2020-07-05 17:02:17', 3),
(7, 'true', 0, '2020-07-05 17:02:20', 5),
(8, 'faux', 5, '2020-07-05 17:02:25', 1),
(9, 'faux', 6, '2020-07-05 17:02:27', 1),
(10, 'faux', 47, '2020-07-05 17:02:30', 2),
(11, 'faux', 57, '2020-07-05 17:09:37', 2),
(12, 'faux', 76, '2020-07-05 17:09:39', 2),
(13, 'faux', 76, '2020-07-05 17:09:40', 2),
(14, 'trop relou les fausses données', 8, '2020-07-05 17:09:40', 2),
(15, 'j''en ai marre', 1, '2020-07-05 17:09:41', 2),
(16, 'aaaaaaaaaaaaaaaaaaaah', 89, '2020-07-05 17:09:41', 3),
(17, 'baaaaaaaaaaaaaaaaa', 8, '2020-07-05 17:09:42', 3),
(18, 'laaaaaaaaaaaaaa', 77, '2020-07-05 17:09:42', 3),
(19, 'plume', 20, '2020-07-05 17:09:43', 3),
(20, 'test', 13, '2020-07-05 17:09:43', 3),
(21, 'faux', 20, '2020-07-05 17:10:40', 3),
(22, 'faux', 21, '2020-07-05 17:10:41', 4),
(23, 'fer', 30, '2020-07-05 17:10:41', 4),
(24, 'tes', 88, '2020-07-05 17:10:42', 4),
(25, 'faux', 36, '2020-07-05 17:10:42', 4),
(26, 'tef', 7, '2020-07-05 17:11:11', 4),
(27, 'faux', 7, '2020-07-05 17:11:11', 5),
(28, 'faux', 87, '2020-07-05 17:11:12', 5),
(29, 'fefe', 97, '2020-07-05 17:11:12', 5),
(30, 'faux', 127, '2020-07-05 17:11:13', 5),
(31, 'faux', 7, '2020-07-05 17:11:13', 5),
(32, 'fefe', 200, '2020-07-05 17:11:14', 5),
(33, 'faux', 7, '2020-07-05 17:11:14', 5),
(34, 'faux', 7, '2020-07-05 17:11:15', 5),
(35, 'fef', 80, '2020-07-05 17:11:15', 5),
(36, 'faux', 18, '2020-07-05 17:11:16', 5),
(37, 'faux', 17, '2020-07-05 17:11:16', 6),
(38, 'faux', 18, '2020-07-05 17:11:17', 6),
(39, 'faux', 7, '2020-07-05 17:11:18', 6),
(40, 'faux', 7, '2020-07-05 17:11:18', 6),
(41, 'faux', 109, '2020-07-05 17:11:19', 6),
(42, 'faux', 7, '2020-07-05 17:11:19', 6),
(43, 'faux', 110, '2020-07-05 17:11:20', 7),
(44, 'faux', 111, '2020-07-05 17:11:20', 7),
(45, 'faux', 123, '2020-07-05 17:11:21', 7),
(46, 'faux', 147, '2020-07-05 17:11:21', 7),
(47, 'faux', 87, '2020-07-05 17:11:50', 7),
(48, 'faux', 54, '2020-07-05 17:11:50', 7),
(49, 'faux', 58, '2020-07-05 17:11:50', 8),
(50, 'faux', 48, '2020-07-05 17:11:51', 8),
(51, 'faux', 7, '2020-07-05 17:11:51', 8),
(52, 'faux', 7, '2020-07-05 17:11:52', 8),
(53, 'faux', 98, '2020-07-05 17:11:52', 8),
(54, 'faux', 0, '2020-07-05 17:11:53', 8),
(55, 'faux', 0, '2020-07-05 17:11:53', 9),
(56, 'faux', 7, '2020-07-05 17:11:54', 9),
(57, 'faux', 7, '2020-07-05 17:11:54', 9),
(58, 'faux', 7, '2020-07-05 17:11:56', 9),
(59, 'faux', 7, '2020-07-05 17:11:56', 9),
(60, 'faux', 7, '2020-07-05 17:11:56', 10),
(61, 'faux', 7, '2020-07-05 17:11:57', 10),
(62, 'faux', 7, '2020-07-05 17:11:57', 10),
(63, 'faux', 7, '2020-07-05 17:11:58', 10),
(64, 'faux', 7, '2020-07-05 17:11:58', 10),
(65, 'faux', 7, '2020-07-05 17:11:59', 10),
(66, 'faux', 7, '2020-07-05 17:11:59', 10),
(67, 'faux', 7, '2020-07-05 17:12:00', 11),
(68, 'faux', 7, '2020-07-05 17:12:47', 11),
(69, 'faux', 7, '2020-07-05 17:12:47', 11),
(70, 'faux', 7, '2020-07-05 17:12:47', 11),
(71, 'faux', 30, '2020-07-05 17:12:47', 11),
(72, 'faux', 7, '2020-07-05 17:12:47', 11),
(73, 'faux', 28, '2020-07-05 17:12:47', 11),
(74, 'faux', 7, '2020-07-05 17:12:47', 11),
(75, 'faux', 7, '2020-07-05 17:12:47', 11),
(76, 'faux', 7, '2020-07-05 17:12:48', 11),
(77, 'faux', 7, '2020-07-05 17:12:48', 11),
(78, 'faux', 7, '2020-07-05 17:12:48', 11),
(79, 'faux', 7, '2020-07-05 17:12:48', 12),
(80, 'faux', 7, '2020-07-05 17:12:48', 12),
(81, 'faux', 7, '2020-07-05 17:12:48', 12),
(82, 'faux', 7, '2020-07-05 17:12:48', 12),
(83, 'faux', 7, '2020-07-05 17:12:48', 12),
(84, 'faux', 7, '2020-07-05 17:12:48', 12),
(85, 'faux', 7, '2020-07-05 17:12:48', 12),
(86, 'faux', 17, '2020-07-05 17:12:48', 12),
(87, 'faux', 15, '2020-07-05 17:12:48', 12),
(88, 'faux', 7, '2020-07-05 17:12:48', 12),
(89, 'faux', 7, '2020-07-05 17:12:48', 12),
(90, 'faux', 7, '2020-07-05 17:12:48', 12),
(91, 'faux', 47, '2020-07-05 17:12:48', 12),
(92, 'faux', 25, '2020-07-05 17:12:48', 13),
(93, 'faux', 89, '2020-07-05 17:12:48', 13),
(94, 'faux', 62, '2020-07-05 17:12:48', 13),
(95, 'faux', 62, '2020-07-05 17:12:48', 13),
(96, 'faux', 62, '2020-07-05 17:12:48', 13),
(97, 'faux', 67, '2020-07-05 17:12:48', 13),
(98, 'faux', 68, '2020-07-05 17:12:48', 13),
(99, 'faux', 90, '2020-07-05 17:12:48', 13),
(100, 'faux', 99, '2020-07-05 17:12:48', 13),
(101, 'faux', 100, '2020-07-05 17:12:48', 13),
(102, 'faux', 100, '2020-07-05 17:12:48', 13),
(103, 'faux', 102, '2020-07-05 17:12:48', 14),
(104, 'faux', 101, '2020-07-05 17:12:48', 14),
(105, 'faux', 0, '2020-07-05 17:12:48', 14),
(106, 'faux', 0, '2020-07-05 17:12:48', 14),
(107, 'faux', 70, '2020-07-05 17:12:48', 14),
(108, 'faux', 7, '2020-07-05 17:12:48', 14),
(109, 'faux', 7, '2020-07-05 17:12:48', 14),
(110, 'faux', 7, '2020-07-05 17:12:48', 14),
(111, 'faux', 7, '2020-07-05 17:12:48', 14),
(112, 'faux', 7, '2020-07-05 17:12:48', 14),
(113, 'faux', 7, '2020-07-05 17:12:48', 14),
(114, 'fourche', 7, '2020-07-05 17:12:48', 14),
(115, 'faux', 7, '2020-07-05 17:12:48', 14),
(116, 'faux', 7, '2020-07-05 17:12:48', 14),
(117, 'clapet', 7, '2020-07-05 17:12:48', 14),
(118, 'faux', 7, '2020-07-05 17:12:48', 15),
(119, 'faux', 7, '2020-07-05 17:12:48', 15),
(120, 'faux', 7, '2020-07-05 17:12:48', 15),
(121, 'faux', 7, '2020-07-05 17:12:48', 15),
(122, 'test', 7, '2020-07-05 17:12:48', 15),
(123, 'jej', 7, '2020-07-05 17:12:48', 15),
(124, 'test125', 7, '2020-07-05 17:12:48', 15),
(125, 'test126', 7, '2020-07-05 17:12:48', 15),
(126, 'test127', 7, '2020-07-05 17:12:49', 15),
(127, 'faux', 7, '2020-07-05 17:12:49', 15),
(128, 'faux', 7, '2020-07-05 17:12:49', 15),
(129, 'faux', 7, '2020-07-05 17:12:49', 16),
(130, 'faux', 7, '2020-07-05 17:12:49', 16),
(131, 'faux', 7, '2020-07-05 17:12:49', 16),
(132, 'faux', 7, '2020-07-05 17:12:49', 16),
(133, 'ouais', 0, '2020-07-05 17:12:49', 16),
(134, 'RUSSIAN SPIES', 7, '2020-07-05 17:12:49', 16),
(135, 'Wow. @CNN got caught cold manipulating the words and meaning of my 4th of July Speech. They were brazen, desperate. Watch what happens!', 0, '2020-07-05 17:12:49', 16),
(136, 'RIP OBAMA CARE', 0, '2020-07-05 17:12:49', 16),
(137, 'LOL BIDEN LOL', 0, '2020-07-05 17:12:49', 16),
(138, 'fuck obama', 0, '2020-07-05 17:12:49', 16),
(139, 'AMERICA FIRST', 0, '2020-07-05 17:12:49', 16),
(140, 'MAKE AMERICA GREAT AGAIN', 7, '2020-07-05 17:12:49', 16),
(141, 'faux', 7, '2020-07-05 17:12:49', 16),
(142, 'faux', 7, '2020-07-05 17:12:49', 16),
(143, 'faux', 7, '2020-07-05 17:12:49', 16),
(144, 'faux', 7, '2020-07-05 17:12:49', 17),
(145, 'faux', 7, '2020-07-05 17:12:49', 17),
(146, 'faux', 7, '2020-07-05 17:12:49', 17),
(147, 'faux', 7, '2020-07-05 17:12:49', 17),
(148, 'faux', 7, '2020-07-05 17:12:49', 17),
(149, 'faux', 7, '2020-07-05 17:12:49', 17),
(150, 'faux', 7, '2020-07-05 17:12:49', 17),
(151, 'faux', 7, '2020-07-05 17:12:49', 17),
(152, 'faux', 7, '2020-07-05 17:12:49', 17),
(153, 'faux', 7, '2020-07-05 17:12:49', 17),
(154, 'faux', 7, '2020-07-05 17:12:49', 17),
(155, 'faux', 7, '2020-07-05 17:12:49', 17),
(156, 'faux', 7, '2020-07-05 17:12:49', 17),
(157, 'faux', 7, '2020-07-05 17:12:49', 17),
(158, 'faux', 7, '2020-07-05 17:12:49', 17),
(159, 'faux', 7, '2020-07-05 17:12:49', 17),
(160, 'faux', 7, '2020-07-05 17:12:49', 17),
(161, 'faux', 7, '2020-07-05 17:12:49', 17),
(162, 'faux', 7, '2020-07-05 17:12:49', 17),
(163, 'faux', 7, '2020-07-05 17:12:49', 17),
(164, 'faux', 7, '2020-07-05 17:12:49', 18),
(165, 'faux', 7, '2020-07-05 17:12:49', 18),
(166, 'faux', 7, '2020-07-05 17:12:49', 18),
(167, 'faux', 7, '2020-07-05 17:12:49', 18),
(168, 'faux', 7, '2020-07-05 17:12:49', 18),
(169, 'faux', 7, '2020-07-05 17:12:49', 18),
(170, 'faux', 7, '2020-07-05 17:12:49', 18),
(171, 'faux', 7, '2020-07-05 17:12:49', 18),
(172, 'faux', 7, '2020-07-05 17:12:49', 18),
(173, 'faux', 7, '2020-07-05 17:12:49', 18),
(174, 'faux', 7, '2020-07-05 17:12:49', 18),
(175, 'faux', 7, '2020-07-05 17:12:49', 18),
(176, 'faux', 7, '2020-07-05 17:12:49', 18),
(177, 'faux', 7, '2020-07-05 17:12:49', 18),
(178, 'faux', 7, '2020-07-05 17:12:49', 18),
(179, 'faux', 7, '2020-07-05 17:12:49', 18),
(180, 'faux', 7, '2020-07-05 17:12:49', 18),
(181, 'faux', 7, '2020-07-05 17:12:49', 18),
(182, 'faux', 7, '2020-07-05 17:12:50', 18),
(183, 'faux', 7, '2020-07-05 17:12:50', 18),
(184, 'faux', 7, '2020-07-05 17:12:50', 18),
(185, 'faux', 7, '2020-07-05 17:12:50', 18),
(186, 'faux', 7, '2020-07-05 17:12:50', 18),
(187, 'faux', 7, '2020-07-05 17:12:50', 19),
(188, 'faux', 7, '2020-07-05 17:12:50', 19),
(189, 'faux', 7, '2020-07-05 17:12:50', 19),
(190, 'faux', 7, '2020-07-05 17:12:50', 19),
(191, 'faux', 7, '2020-07-05 17:12:50', 19),
(192, 'faux', 7, '2020-07-05 17:12:50', 19),
(193, 'faux', 7, '2020-07-05 17:12:50', 19),
(194, 'faux', 7, '2020-07-05 17:12:50', 20),
(195, 'faux', 7, '2020-07-05 17:12:50', 20),
(196, 'faux', 7, '2020-07-05 17:12:50', 20),
(197, 'faux', 7, '2020-07-05 17:12:50', 20),
(198, 'faux', 7, '2020-07-05 17:12:50', 20),
(199, 'faux', 7, '2020-07-05 17:12:50', 20),
(200, 'faux', 7, '2020-07-05 17:12:50', 20);

-- --------------------------------------------------------

--
-- Structure de la table `reaction`
--

DROP TABLE IF EXISTS `reaction` cascade;
CREATE TABLE IF NOT EXISTS `reaction` (
  `date_reaction` datetime DEFAULT NULL,
  `is_fav` bit(1) NOT NULL,
  `post_id` bigint(20) DEFAULT NULL,
  `user_id` bigint(20) DEFAULT NULL,
  PRIMARY KEY (`is_fav`, `post_id`,`user_id`),
  FOREIGN KEY (`post_id`) REFERENCES Post(`id`),
  FOREIGN KEY (`user_id`) REFERENCES User(`id`)
);

--
-- Déchargement des données de la table `reaction`
--

INSERT INTO `reaction` (`date_reaction`, `is_fav`, `post_id`, `user_id`) VALUES
(NULL, 1, 6, 1),
(NULL, 0, 7, 1),
('2020-06-18 00:00:00', 1, 6, 8);



--
-- Contraintes pour les tables déchargées
--

--
-- Contraintes pour la table `follow`
--
--ALTER TABLE `follow`
  --ADD CONSTRAINT `FK3gu03ktcbxq8nm9rf4ll2glrr` FOREIGN KEY (`followed_id`) REFERENCES `user` (`id`),
  --ADD CONSTRAINT `FKqme6uru2g9wx9iysttk542esm` FOREIGN KEY (`following_id`) REFERENCES `user` (`id`);

--
-- Contraintes pour la table `post`
--
--ALTER TABLE `post`
  --ADD CONSTRAINT `FK72mt33dhhs48hf9gcqrq4fxte` FOREIGN KEY (`user_id`) REFERENCES `user` (`id`);

--
-- Contraintes pour la table `reaction`
--
--ALTER TABLE `reaction`
  --ADD CONSTRAINT `FKathfhl7fif9f9mggdjhg7ktdt` FOREIGN KEY (`post_id`) REFERENCES `post` (`id`),
  --ADD CONSTRAINT `FKp68qgeq3telx6adl7hssrdxbw` FOREIGN KEY (`user_id`) REFERENCES `user` (`id`);
COMMIT;

/*!40101 SET CHARACTER_SET_CLIENT=@OLD_CHARACTER_SET_CLIENT */;
/*!40101 SET CHARACTER_SET_RESULTS=@OLD_CHARACTER_SET_RESULTS */;
/*!40101 SET COLLATION_CONNECTION=@OLD_COLLATION_CONNECTION */;